eva,country,crew,vehicle,date,duration,purpose
1.0,USA,Ed White;,Gemini IV,1965-06-03,0:36,First U.S. EVA. Used HHMU and took  photos.  Gas flow cooling of 25ft umbilical overwhelmed by vehicle ingress work and helmet fogged.  Lost overglove.  Jettisoned thermal gloves and helmet sun visor
3.0,USA,Eugene Cernan;,Gemini IX-A,1966-06-05,2:07,"Inadequate restraints, stiff 25ft umbilical and high workloads exceeded suit vent loop cooling capacity and caused fogging.  Demo called off of tethered astronaut maneuvering unit"
4.0,USA,Mike Collins;,Gemini X,1966-07-19,0:50,Standup EVA.  UV photos of stars.  Ended by eye irritation that impaired vision 
5.0,USA,Mike Collins;,Gemini X,1966-07-20,0:39,Retrieved MMOD experiment from docked Agena.  Used HHMU. Lost camera and retrieved experiment. EVA ended early by unrelated spacecraft problem
6.0,USA,Richard Gordon;,Gemini XI,1966-09-13,0:44,"Attached tether between Agena and Gemini.  EVA ended early due to fatigue, overheating & eye sweat"
7.0,USA,Richard Gordon;,Gemini XI,1966-09-14,2:10,Standup EVA.  Took star photos. Agena tether ops
8.0,USA,Buzz Aldrin;,Gemini XII,1966-11-12,2:29,Standup EVA.  Science tasks.  Took star photos
9.0,USA,Buzz Aldrin;,Gemini XII,1966-11-13,2:06,Attached tether between Agena and Gemini.  UV photos of stars.  Waist tether and Dutch shoe eval
10.0,USA,Buzz Aldrin;,Gemini XII,1966-11-14,0:55,Standup EVA.  Jettisoned equipment.  Took photos
11.0,USA,David Scott;,Apollo 9,1969-03-06,0:47,Standup EVA from crew module.  Retrieved thermal experiment samples
12.0,USA,Russ Schweickart;,Apollo 9,1969-03-06,0:51,Lunar module based.  Took photos.  Evaluated foot restraint and handrails.  Retrieved thermal experiment samples.  First use of PLSS followed by recharge demo after EVA
13.0,USA,Neil Armstrong;Buzz Aldrin;,Apollo 11,1969-07-20,2:32,First to walk on the moon.  Some trouble getting out small hatch.  46.3 lb of geologic material collected.  EASEP seismograph and laser reflector exp deployed.  Solar wind exp deployed & retrieved.  400 ft (120m) circuit on foot.  Dust issue post EVA
14.0,USA,Neil Armstrong;Buzz Aldrin;,Apollo 11,1969-07-20,0:05,Jettison suit backpacks and equip to lighten ascent
15.0,USA,Allen Bean;Pete Conrad;,Apollo 12,1969-11-19,3:39,Collected 75.6 lb of geologic material.  ALSEP exp deployed.  6000 ft (1800m) circuit on foot
16.0,USA,Allen Bean;Pete Conrad;,Apollo 12,1969-11-20,3:48,Retrieved parts of Surveyor 3 spacecraft.   
17.0,USA,Allen Bean;Pete Conrad;,Apollo 12,1969-11-20,0:05,Jettison suit backpacks and equip to lighten ascent
18.0,USA,Ed Mitchell;Alan Shepard;,Apollo 14,1971-02-05,4:48,Collected 94.4 lb of geologic material.  ALSEP and laser reflector exp deployed.  Hiked up to 0.9 miles (1.5km) from lunar module.  Used MET rickshaw
19.0,USA,Ed Mitchell;Alan Shepard;,Apollo 14,1971-02-06,4:34,Sought but did not quite reach crater.  Golf demo
20.0,USA,Ed Mitchell;Alan Shepard;,Apollo 14,1971-02-06,0:05,Jettison suit backpacks and equip to lighten ascent
21.0,USA,David Scott;,Apollo 15,1971-07-30,0:33,Standup EVA to scout and photograph lunar surface before traverse
22.0,USA,David Scott;James Irwin;,Apollo 15,1971-07-31,6:34,Collected 169 lb of geologic material.  ALSEP exp deployed.  First use of the lunar rover.  Covered 6.2 mile (10.3 km) circuit
23.0,USA,David Scott;James Irwin;,Apollo 15,1971-08-01,7:12,
24.0,USA,David Scott;James Irwin;,Apollo 15,1971-08-02,4:49,
25.0,USA,David Scott;James Irwin;,Apollo 15,1971-08-02,0:05,Jettison suit backpacks and equip to lighten ascent
26.0,USA,Al Worden;,Apollo 15,1971-08-05,0:39,First transearth EVA.  Retrieved 2 camera film cassettes
27.0,USA,John Young;Charles Duke;,Apollo 16,1972-04-21,7:11,Collected 208 lb of rock/dust (41lb this day). ALSEP & solar wind experiments deployed. Assembled and used lunar rover (4.2 km).  
28.0,USA,John Young;Charles Duke;,Apollo 16,1972-04-22,7:23,Collected 82 lb of rock/dust. Drove rover 11.5 km
29.0,USA,John Young;Charles Duke;,Apollo 16,1972-04-23,5:40,Collected 90 lb of rock/dust.  Drove rover 27.1 km
30.0,USA,John Young;Charles Duke;,Apollo 16,1972-04-23,0:04,Jettison suit backpacks and equip to lighten ascent
31.0,USA,Tom Mattingly;,Apollo 16,1972-04-25,1:23,Transearth EVA to retrieve camera film and expose microbial response experiment
32.0,USA,Harrison Schmidt;Eugene Cernan;;,Apollo 17,1972-12-11,7:12,Collected 243 lb of geologic material.  ALSEP exp deployed.   8 seismic explosive charges placed for later use.  Used lunar rover to travel 11.4 miles (19 km) circuit with max range of 4.9 miles from lunar module.
33.0,USA,Harrison Schmidt;Eugene Cernan;;,Apollo 17,1972-12-12,7:37,
34.0,USA,Harrison Schmidt;Eugene Cernan;;,Apollo 17,1972-12-13,7:16,
35.0,USA,Harrison Schmidt;Eugene Cernan;;,Apollo 17,1972-12-13,0:08,Jettison suit backpacks and equip to lighten ascent
36.0,USA,Ron Evans;,Apollo 17,1972-12-17,1:07,Transearth EVA to retrieve camera film
37.0,USA,Paul Weitz;Joe Kerwin;,Skylab 2,1973-05-25,0:40,"Standup EVA.  While based in hatch of just arrived hovering spacecraft, failed to pull/pry free solar panel held by cm wide scrap of MMOD shield"
38.0,USA,Pete Conrad;Joe Kerwin;,Skylab 2,1973-06-07,3:25,"Without body restraint, initially unable to attach 25ft pole/cutter jaws to aluminum scrap holding jammed solar panel.  Improvised body restraint with suit tether to unexpected vehicle U bolt for 3 pt stance to enable pole positioning and cut.  After debris cut, attached pole as translation path to solar array.  Rope hooked between airlock solar array cover structure as means to overcome frozen hydraulic damper of solar array hinge.  Both crew stood under rope and pushed until array freed suddenly which caused both crew to drift free until hauled themselves back in via umbilicals.  Hardest task was restowing umbilicals into stow sphere at end of day"
39.0,USA,Pete Conrad;Paul Weitz;,Skylab 2,1973-06-19,1:36,Retrieved Apollo Telescope Mount film and repaired power module relay with hammer blow.  Cleaned camera lens
40.0,USA,Owen Garriott;Jack Lousma;,Skylab 3,1973-08-06,6:31,Constructed/deployed twin-pole thermal shield to reduce internal spacecraft temperatures.  Loaded telescope camera with film.  Inspected previously leaking thrusters.  Restored telescope door motion and deployed meteroid sampling exp
41.0,USA,Owen Garriott;Jack Lousma;,Skylab 3,1973-08-24,4:31,Installed cable for backup gyro package.  Exchanged telescope camera film.  Deployed parasol samples
42.0,USA,Owen Garriott;Allen Bean;,Skylab 3,1973-09-22,2:41,"Recovered telescope camera film, material samples and meteroid exp.  Cleaned camera lens"
43.0,USA,Ed Gibson;Bill Pogue;,Skylab 4,1973-11-22,6:33,Photographed earth atmosphere.  Deployed spacecraft contamination measurement exp.  Reloaded telescope camera film.  Repaired microwave sensor antenna.  Pinned open telescope door.  Retrieved meteroid sample collector
44.0,USA,Gerald Carr;Bill Pogue;,Skylab 4,1973-12-25,7:01,"Photographed comet Kohoutek, reloaded telescope camera film, pinned open failed solar UV exp door.  Installed solar UV/X-Ray camera.  Repositioned jammed filter wheel in x-ray telescope"
45.0,USA,Gerald Carr;Ed Gibson;,Skylab 4,1973-12-29,3:29,Photographed comet Kohoutek.  Retrieved sample of meteroid protection cover
46.0,USA,Gerald Carr;Ed Gibson;,Skylab 4,1974-02-03,5:19,Retrieved telescope camera film and installed meteroid collection experiment. Gibson reported coolant leakage from EVA life support system
,USA,Bill Lenoir;Joe Allen;,STS-5,1982-11-14,0:00,Suit fan and O2 regulator failures prevented first Shuttle EVA.  No spare suit onboard
47.0,USA,Story Musgrave;Don Peterson;,STS-6,1983-04-07,4:17,First shuttle EVA.  New suits tested.  Basic orbiter/payload contingency tasks practiced.  Winch failed to retract
48.0,USA,Bob Stewart;Bruce McCandless;,STS-41B,1984-02-07,5:56,Practiced Solar Max repair. Used MMU and MFR for first time.  PLB camera D changed out.  Slidewire bracket pip-pin pulled free by crew tether inadvertantly.  SPAS switch adjusted
49.0,USA,Bob Stewart;Bruce McCandless;,STS-41B,1984-02-09,6:09,Practiced MMU docking with fixed target.  Simple satellite refueling demo (freon).  Foot restraint lost overboard and recovered.  
50.0,USA,James Van Hoften;George Nelson;,STS-41C,1984-04-08,2:53,Failed to dock MMU to Solar Max satellite due to thermal grommet interference.  Manual grasp of solar array increased satellite instability 
51.0,USA,James Van Hoften;George Nelson;,STS-41C,1984-04-11,7:05,"After ground cmd stabilization and RMS grapple, Solar Max repaired (attitude control and main elec boxes replaced, MEB not designed for replacement).  Small trash bag lost due to inadvertment release of MWS lock.  MMU engineering test performed"
52.0,USA,Dave Leestma;Kathy Sullivan;,STS-41G,1984-10-11,3:29,First U.S. female EVA.  Demonstrated hydrazine refueling.  Aligned gimbals of Ku antenna  for IV commanded locking.  SIRB latching assisted.  Recovered lost airlock valve cap.  
53.0,USA,Joe Allen;Dale Gardner;,STS-51A,1984-11-12,6:02,PALAPA retrieval.  MMU used.  Had to use manual satellite restraint when structure with RMS grapple fixture failed to attach due to unexpected structure on satellite.
54.0,USA,Joe Allen;Dale Gardner;,STS-51A,1984-11-14,5:48,WESTAR retrieval.  MMU used.  Recovered untethered torque wrench (twice) and draeger tube (once).  Lost power tool
55.0,USA,Dave Griggs;Jeff Hoffman;,STS-51D,1985-04-16,3:10,"""Flyswatter"" attached to end of RMS to attempt to activate LEASAT/SYNCOM IV sequence start lever.  Lever tripped but satellite was actually failed elsewhere.  Griggs inadvertently went out over wing"
56.0,USA,James Van Hoften;Bill Fisher;,STS-51I,1985-08-31,7:09,LEASAT/SYNCOM IV repairs started.  RMS failure to single joint mode forced second EVA.  Lost power tool overboard.
57.0,USA,James Van Hoften;Bill Fisher;,STS-51I,1985-09-01,4:29,LEASAT/SYNCOM IV repairs completed.  Accidently reused depleted LiOH cans from 1st EVA.
58.0,USA,Jerry Ross;Woody Spring;,STS-61B,1985-11-29,5:38,EASE/ACCESS truss assembly and stowage demos.  Deployed radar target
59.0,USA,Jerry Ross;Woody Spring;,STS-61B,1985-12-01,6:48,"EASE/ACCESS truss assembly, stowage and handling demos.  Simulated cable routing with rope reel and heat pipe handling with free EASE beams."
,USA,Bruce McCandless;Kathy Sullivan;,STS-31,1990-04-24,0:00,In suits in airlock at 5psi awaiting GO to manually deploy stuck solar array.  Waived off when auto sys worked
60.0,USA,Jerry Ross;Jay Apt;,STS-37,1991-04-07,4:26,"Freed stuck GRO high gain antenna. Started Space Station demos (recorded crew loads, variable tension rope translation, dogbone handrails)."
61.0,USA,Jerry Ross;Jay Apt;,STS-37,1991-04-08,6:00,"More Space Station demos (evals of 3 different carts and a tether shuttle, RMS translation rates and loads).  Time short for all RMS/EVA tests"
62.0,USA,Pierre Thuot;Rick Hieb;,STS-49,1992-05-10,3:43,Capture bar/grapple fixture attach failed 3 times
63.0,USA,Pierre Thuot;Rick Hieb;,STS-49,1992-05-11,5:30,"Though more careful to induce less loads, capture bar/grapple fixture attach failed 5 times"
64.0,USA,Thuot;Hieb;Akers;,STS-49,1992-05-13,8:29,3 man EVA.  Manually capture/repair INTELSAT
65.0,USA,Tom Akers;Kathy Thornton;,STS-49,1992-05-14,7:44,"ASEM Space Station assembly demos (module to truss mating, updated HHMU self rescue device).  Aligned gimbals of Ku antenna for IV commanded locking "
66.0,USA,Greg Harbaugh;Mario Runco;,STS-54,1993-01-17,4:28,Evaluate training vs. flight differences (DTO 1210).   Encumbered translations.  Foot restraint ingress.  Inspected/avoided misfired IUS tilt table superzip.  Almost lost untethered IUS tilt table equipment.
67.0,USA,David Low;Jeff Wisoff;,STS-57,1993-06-25,5:50,"First egress/ingress involving tunnel adapter.  Pushed on 2 EURECA antennas to aid stowage.  Evaluated training vs. flight differences (DTO 1210, large mass handling from RMS, high torque bolts, ORU fine align from RMS with active orbiter jets)  "
68.0,USA,Carl Walz;Jim Newman;,STS-51 ,1993-09-16,7:05,Evaluate training vs. flight differences (DTO 1210).  Evaluated HST servicing mission tools.  Tool box door jammed temporarily preventing closure
69.0,USA,Story Musgrave;Jeff Hoffman;,STS-61 /    HST-1,1993-12-04,7:54,"HST servicing (RSU, ECU, solar array prep).  RSU bay doors difficult to close."
70.0,USA,Tom Akers;Kathy Thornton;,STS-61 /    HST-1,1993-12-05,6:36,HST servicing (2 solar arrays).   One jettisoned due to pre-EVA damage
71.0,USA,Story Musgrave;Jeff Hoffman;,STS-61 /    HST-1,1993-12-06,6:47,HST servicing (WFPC 1/2)
72.0,USA,Tom Akers;Kathy Thornton;,STS-61 /    HST-1,1993-12-07,6:50,HST servicing (HSP/COSTAR)
73.0,USA,Story Musgrave;Jeff Hoffman;,STS-61 /    HST-1,1993-12-08,7:21,"HST servicing (SADE, magnetometers, GHRS)"
74.0,USA,Mark Lee;Carl Meade;,STS-64 ,1994-09-16,6:51,"SAFER self rescue demo, test new tools"
75.0,USA,Mike Foale;Bernard Harris;,STS-63,1995-02-09,4:39,"Cold environment eval, large object handling eval using SPARTAN (EDFT-01)"
76.0,USA,Jim Voss;Mike Gernhardt;,STS-69,1995-09-16,6:46,ISS task board with worksite interface samples.  Elec cuff checklist demo.  Thermal cube experiment
86.0,USA,Winston Scott;Takao Doi;,STS-87,1997-11-24,7:43,Manual capture and berthing (with RMS aid) of Spartan.  Test of ISS crane with large battery/carrier.  Test of ISS power tool and torque multiplier
87.0,USA,Winston Scott;Takao Doi;,STS-87,1997-12-03,4:59,Test of ISS crane with small ORUÂs.  Deploy and capture of SPRINT/AERCAM robotic freeflyer
88.0,USA,Jerry Ross;Jim Newman;,STS-88/2A,1998-12-07,7:21,Connect PMA1-FGB power cables and PMA1/2-Node1 APAS cables
89.0,USA,Jerry Ross;Jim Newman;,STS-88/2A,1998-12-09,7:02,Install 2 early comm antennas and cables
90.0,USA,Jerry Ross;Jim Newman;,STS-88/2A,1998-12-12,6:59,"Deploy 2 US foot restraints and a tool stanchion.  Aid release of 2 FGB Toru antennas, install FGB aft handrail and reinstall FGB Komplast panel.  SAFER self rescue demo (DTO 689)"
91.0,USA,Tammy Jernigan;Dan Barry;,STS-96/2A.1,1999-05-29,7:55,"Transfer and externally install US and Russian cargo cranes, 2 common foot restraints, 3 EVA tool bags.  Lost retractable equip tether"
92.0,USA,Steve Smith;John Grunsfeld;,STS-103/       HST-3A,1999-12-22,8:15,HST servicing (RSU gyros and volt/temp improvement kits for batteries)
93.0,USA,Mike Foale;Claude Nicollier;,STS-103/       HST-3A,1999-12-23,8:10,HST servicing (486 computer and fine guidance sensor)
94.0,USA,Steve Smith;John Grunsfeld;,STS-103/       HST-3A,1999-12-24,8:08,HST servicing (transmitter and solid state recorder)
95.0,USA,Jeff Williams;Jim Voss;,STS-101/2A.2a,2000-05-21,6:44,Resecure and reorient U.S. crane.  Assemble complete Russian crane and transfer from PMA 2 to PMA 1.  Replace stbd ECOM antenna.  Install 8 handrails on Node 1 (APAS cable blocked one nominal site).  Cables cleared from Node 1 SVS targets. Lost PAD
96.0,USA,Edward Lu;Yuri Malenchecko;,STS-106/2A.2b,2000-09-11,6:14,"SM docking target deployment completed manually.  Attitude control magnetometer and nearby translation aid gap spanner installed.  SM-FGB cables routed, secured and connected (EPS, TV-C&DH and Orlan comm).   Photos captured of partially deployed SM solar array section to aid future resolution.  "
97.0,USA,Leroy Chiao;Bill McArthur;,STS-92/3A,2000-10-15,6:28,Z1 SASA antenna deployed.  DDCU thermal shrouds removed/stowed. One tool box relocated from PLB to Z1.  Z1-Node1 cables mated.  SGANT antenna dish and boom deployed.
98.0,USA,Jeff Wisoff;Mike Lopez-Alegria;,STS-92/3A,2000-10-16,7:07,PMA3 released from PLB.  PMA3-Node1 cables mated.  
99.0,USA,Leroy Chiao;Bill McArthur;,STS-92/3A,2000-10-17,6:48,Z1 DDCU-HP (2) transferred from PLB to Z1.  Z1 keel relocated.  Z1-P6 launch locks released.  PMA2-Z1 cables reconfigured.  2nd tool box relocated from PLB to Z1.  Airlock depress valve cover lost
100.0,USA,Jeff Wisoff;Mike Lopez-Alegria;,STS-92/3A,2000-10-18,6:56,Z1 FRGF stowed and utility tray deployed.  Tethered demo of self rescue SAFER hardware (DTO 689).
101.0,USA,Joe Tanner;Carlos Noriega;,STS-97/4A,2000-12-03,7:33,Assisted P6-Z1 mechanical mating.  Mated 9 Z1-P6 electrical power cables. Released 2 sets of solar array blanket boxes and gimbal linkages.  Used tensioning devices to secure 3 of 4 gimbal linkage bolts.  Released PV radiator launch restraints and thermal sensors.
102.0,USA,Joe Tanner;Carlos Noriega;,STS-97/4A,2000-12-05,6:37,Removed/stowed Z1's ACBSP and DDCU-HP thermal shrouds.  Relocated SASA antenna from Z1 to IEA.  Inspected tensioning mechanism of incompletely deployed solar array.  Rerouted Z1 patch panel cables.  Mated 4 Z1-P6 ammonia lines.  Disconnected PMA2 cables from Node1.  Stowed EPS cable bag on P6.  Released P6 aft radiator launch restraints and thermal sensors.  Installed FGB-PMA1 jumper cables.  Stowed Z1 WIS antenna #1.
103.0,USA,Joe Tanner;Carlos Noriega;,STS-97/4A,2000-12-07,5:10,Reseated solar array tensioning cable to allow full deployment.  Installed FPP antennas on IEA and Node1. Installed Node1 centerline camera cable.  Released P6 stbd radiator launch restraints and thermal sensors.  Stowed P6 and Z1 WIS antennas.
104.0,USA,Tom Jones;Bob Curbeam;,STS-98/5A,2001-02-10,7:34,Disconnect lab-Shuttle LTA heater cable.  Remove and stow lab module CBM cover.  Connect 4 ammonia lines and elec cables btw lab and Z1.   M3 QD leaked NH3 on crew to force bakeout cleanup
105.0,USA,Tom Jones;Bob Curbeam;,STS-98/5A,2001-02-12,6:50,"Connect lab-PMA2 APAS cables.  Install lab vent valve, trunnion pin covers, handrails, PDGF, VSC and window cover.  Wrong bolt heads on vent cover"
106.0,USA,Tom Jones;Bob Curbeam;,STS-98/5A,2001-02-14,5:25,Spare SASA antenna installed on Z1.  Demo of incapacitated crew rescue.
107.0,USA,Jim Voss;Susan Helms;,STS-102/5A.1,2001-03-10,8:56,Disconnected PMA3 from Node1 electrical cables.  Installed cradle on lab in prep for SSRMS and S0 truss.  Installed rigid umbilical.  Last 2 hours spent in airlock waiting on RMS install of MPLM.  PAD lost
108.0,USA,Paul Richards;Andy Thomas;,STS-102/5A.1,2001-03-12,6:21,"Removed and stowed port early comm antenna.  Installed the external stowage platform on a lab trunnion.  Transfered a pump flow control system ORU ready for future replacement.  Inspected P6 solar array 4 bar linkage, FPP, NPV and connector J612"
109.0,USA,Scott Parazynski;Chris Hadfield;,STS-100/6A,2001-04-22,7:10,"Transfered and installed UHF antenna on lab.  Released SSRMS launch restraints, unfold booms and secure joints.  Connected cables from lab to SSRMS pallet for initial robot arm ops"
110.0,USA,Scott Parazynski;Chris Hadfield;,STS-100/6A,2001-04-24,7:40,Connected 8 cables for lab based SSRMS ops.  Demated cables btw lab and SSRMS pallet.  Removed and stowed stbd early comm antenna.  1.5 hours spent in fruitless search for early comm conn parts under CBM cover.  Transfered spare DCSU to lab stowage pallet
111.0,USA,Mike Gernhardt;Jim Reilly;,STS-104/7A,2001-07-14,5:59,Shuttle based EVA.  Airlock-Node1 CBM cover removed.  LTA heater cable demated.  Waited on umbilicals for airlock transfer and install by SSRMS. Connected airlock heater cable. 
112.0,USA,Mike Gernhardt;Jim Reilly;,STS-104/7A,2001-07-17,6:29,Shuttle based EVA.  3 of 4 high pressure gas tanks installed on airlock
113.0,USA,Mike Gernhardt;Jim Reilly;,STS-104/7A,2001-07-20,4:02,First EVA based from ISS joint airlock.  4th high pressure gas tank installed.  Installed thermal cover over airlock FRGF and several airlock handrails.  Mated FGB-airlock cable for Russian suit comm.  Inspected BMRRM and FPP on top of P6.
114.0,USA,Dan Barry;Patrick Forrester;,STS-105/7A.1,2001-08-16,6:16,Shuttle based EVA.  Installed early ammonia servicer on P6 truss and mated its cables.  Attached 2 MISSE materials experiments to airlock exterior. 
115.0,USA,Dan Barry;Patrick Forrester;,STS-105/7A.1,2001-08-18,5:29,Shuttle based EVA.  Installed 10 handrails on Lab.  Attached LTA heater cables on lab for later use with S0.
116.0,USA,Linda Godwin;Dan Tani;,STS-108/UF1,2001-12-10,4:12,Shuttle based EVA.  Installed 2 beta gimbal assy (BGA) thermal blankets.  Retrieved SASA shroud.  Inspected DCSU.  Failed attempt to lock 4th leg of BGA four bar assembly.
117.0,USA,Carl Walz;Dan Bursch;,Incr-4,2002-02-20,5:49,"First use of the Quest airlock without Shuttle docked.  8A preps included tool retrieval/relocation, DDCU checkout, Z1 Shroud removal, Grapple Fixture Adapter removal, securing HPGT latches, photos of MISSE & MMOD hits.  "
118.0,USA,John Grunsfeld;Rick Linnehan;,STS-109/          HST-3B,2002-03-04,7:01,HST servicing.  Replaced 1 of 2 solar arrays and its diode box. 
119.0,USA,Jim Newman;Mike Massimino;,STS-109/          HST-3B,2002-03-05,7:16,HST servicing.  Replaced 2nd solar array and its diode box.   Replaced gyro reaction wheel assy #1.
120.0,USA,John Grunsfeld;Rick Linnehan;,STS-109/          HST-3B,2002-03-06,6:48,HST servicing.  Replaced power control unit (PCU).  HST handrails inspected.
121.0,USA,Jim Newman;Mike Massimino;,STS-109/          HST-3B,2002-03-07,7:30,HST servicing.  Replaced faint object camera (FOC) with advanced camera.  Installed electronics support module in aft shroud.  Completed PCU cleanup.
122.0,USA,John Grunsfeld;Rick Linnehan;,STS-109/          HST-3B,2002-03-08,7:20,HST servicing.  Installed NICMOS cryo cooler and radiator.   Installed new outer thermal blankets.  
123.0,USA,Steve Smith;Rex Walheim;,STS-110/8A,2002-04-11,7:48,ISS based EVA.  Lab-SO cables connected.  Aft tray req'd 2 crew to deploy.   Lab-S0 fwd struts installed.  
124.0,USA,Jerry Ross;Lee Morin;,STS-110/8A,2002-04-13,7:30,ISS based EVA.  Lab-SO cables connected.  Lab-S0 aft struts installed.  
125.0,USA,Steve Smith;Rex Walheim;,STS-110/8A,2002-04-14,6:27,ISS based EVA.  Released Lab-S0 adapter latch.  Connected MT cables.  Released MT launch restraints.  Removed MT radiator cover.  TUS 2 safing bolt problem.          
126.0,USA,Jerry Ross;Lee Morin;,STS-110/8A,2002-04-16,6:37,ISS based EVA.  Installed S0-airlock handrail spur.  Installed handrails and 2 CETA lights on S0.  Deployed CETA energy absorbers.  Removed/stowed S0 keel and drag link.  J400 reconfigured.  CID 7/8 installed.  Failed Trace Gas Analyzer DTO.  
127.0,USA,F. Chang-Diaz;Philippe Perrin;,STS-111/UF2,2002-06-09,7:14,ISS based EVA.  PDGF installed on P6.  SM MMOD panels stowed on PMA1.  MBS blankets removed as prep for MBS install onto MT.  
128.0,USA,F. Chang-Diaz;Philippe Perrin;,STS-111/UF2,2002-06-11,5:00,ISS based EVA.  MT-MBS cables connected and MT-MBS bolts mated.  POA deployed.  Zenith TUS safing bolt.  MBS camera relocated.  
129.0,USA,F. Chang-Diaz;Philippe Perrin;,STS-111/UF2,2002-06-13,7:16,ISS based EVA.  SSRMS wrist joint replaced.  Failed joint stowed on Shuttle. 
130.0,USA,Dave Wolf;Piers Sellers;,STS-112/9A,2002-10-10,7:01,ISS based EVA.  S1-S0 cables and fluid lines connected.  S-band antenna deployed.  S1 radiator restraints released.  CETA cart launch locks released.  S1 camera installed.
131.0,USA,Dave Wolf;Piers Sellers;,STS-112/9A,2002-10-12,6:04,ISS based EVA.  Lab camera installed.  S1 radiator restraints released.  S1-S0 cables and fluid lines connected.   SPD installed at Z1-P6.  CETA cart launch locks released.  NH3 tank cables attached.  
132.0,USA,Dave Wolf;Piers Sellers;,STS-112/9A,2002-10-14,6:36,ISS based EVA.  MT IUA replaced.  S0-S1 NH3 jumpers connected.  S1-S0 cables and fluid lines connected.   S1 drag link stowed.  SPD's installed on NH3 lines. 
133.0,USA,Mike Lopez-Alegria;John Herrington;,STS-113/11A,2002-11-26,6:45,ISS based EVA.  P1-S0 cables connected.  CETA cart launch locks released.  P1 drag link stowed.   Spool positioning devices (SPD) installed.  Wireless external transceiver assy (WETA) installed on Node 1 for EVA helmet video. 
134.0,USA,Mike Lopez-Alegria;John Herrington;,STS-113/11A,2002-11-28,6:10,ISS based EVA.  P1-S0 fluid lines connected.  P1 keels stowed.  Wireless external transceiver assy (WETA) installed on P1.  CETA cart relocated from P1 to S1. 
135.0,USA,Mike Lopez-Alegria;John Herrington;,STS-113/11A,2002-11-30,7:00,ISS based EVA.  SPD's installed.  MBSU cables reconfigured.  NH3 tank lines attached.  UHF antenna deployed (MT ran into stowed UHF antenna resulting in early deploy).  SO DDCU cover installed.
136.0,USA,Ken Bowersox;Don Pettit;,Incr-6,2003-01-15,6:51,ISS based EVA.  Removed debris from Node nadir CBM.  Released P1 truss radiator launch locks (10) to allow deploy.  Failed to install CETA light on S1 (jammed in launch bracket).  Measured the Early Ammonia Servicer (EAS) reservoir.  Retrieved tools from Z1 and airlock tool boxes for future.  Cut away thermal cover strap that delayed EVA by interferring with airlock hatch.
137.0,USA,Ken Bowersox;Don Pettit;,Incr-6,2003-04-08,6:26,"ISS based EVA.  Reconfigured SO, S1 and P1 cables for future trusses.  Inspected P1 NTA.  Released S1 CETA light stanchion w/Russian hammer and installed one light.  Installed Lab HX spool positioning devices (SPDÂs).  Rerouted cables for redundant power to CMG #2.  Reinstalled S1 radiator beam valve module (RBVM) thermal cover.   Replaced MT RPCM 3A.  Retrieved NH3 tank cap.  Removed tools from Node bag.  Stowed APFR ingress aid on CETA 2 WIF 4."
138.0,USA,Soichi Noguchi;Steve Robinson;,STS-114/LF1,2005-07-30,6:50,Shuttle based EVA.  Demonstrated repairs of Shuttle thermal protection (tile emittance wash and NOAX on RCC cracks).  Installed External Stowage Platform Attachment Device (ESPAD) outside ISS airlock.  Replaced GPS antenna and retrieved 2 MISSE experiments.  Photographed damaged thermal blanket under Orbiter window
139.0,USA,Soichi Noguchi;Steve Robinson;,STS-114/LF1,2005-08-01,7:14,"Shuttle based EVA.  Replaced ISS CMG#1.  Stowed old CMG in PLB .  Retrieved/relocated tools for next EVA (handle for ISS thermal radiator rotary joint motor controller, forceps for tile gap filler removal, a foot restraint from ISS robotic arm)"
140.0,USA,Soichi Noguchi;Steve Robinson;,STS-114/LF1,2005-08-03,6:01,"Shuttle based EVA.  Attached External Stowage Platform (ESP2) to ISS, removed/returned ESP2's grapple fixture, installed ISS solar cell exposure experiment MISSE 5, opened/closed sample lid to enable robotic survey of thermal protection samples and removed two Shuttle tile gap fillers.  Inspected/photographed solar beta gimbal assembly restraint bolts and floating potential probe.  "
141.0,USA,Bill McArthur;Valeri Tokarev;,Incr-12,2005-11-07,5:22,"ISS based EVA.  Egress delayed by 1 hr due to overlooked valve.  Installed P1 TV camera, removed S1 thermal rotary joint motor controller, jettisoned P6 floating potential probe and replaced RPCM of mobile transporter.  Relocated safety tethers and foot restraint as prep for future work.  Camera lens bumper lost overboard.  One of two helmets TVs inoperable. "
142.0,USA,Piers Sellers;Mike Fossum;,STS-121 / ULF1.1,2006-07-08,7:31,ISS based EVA.  Installed cable cutter blade blocker on mobile transporter zenith interface umbilical assembly (IUA).  Demonstrated use of RMS and boom as EV crew work platform for Shuttle thermal protection repairs
143.0,USA,Piers Sellers;Mike Fossum;,STS-121 / ULF1.1,2006-07-10,6:47,ISS based EVA.  Replaced the mobile transporter's nadir IUA and trailing umbilical cable reel.  Stowed thermal system spare pump on ISS airlock pallet.  SAFER latches found unsecured
144.0,USA,Piers Sellers;Mike Fossum;,STS-121 / ULF1.1,2006-07-12,7:11,ISS based EVA.  Tested NOAX repairs on samples of Shuttle RCC thermal protection.  Tested infrared camera on ISS radiators and Shuttle RCC.  Installed grapple fixture on S1 truss ammonia tank.  RCC repair spatula lost overboard.
145.0,USA,Jeff Williams;Thomas Reiter;,Incr-13,2006-08-03,5:54,ISS based EVA.  Installed floating point measurement unit on S1.  Installed MISSE 3 &4 on airlock.  Installed RJMC and replaced radiator MDM on S1.  Installed S0 radiator line shunt jumpers (2) and fluid disconnect spool positioning devices (3).  Tested infrared camera on RCC samples. Installed CETA light on S1 (connector cap lost) and nonpropulsive valve on Lab.  Removed GPS antenna #2.  Setup 3 foot restraints for 12A.  Retrieved ball stack restraint.  Photographed hatch scratch.  One of two helmets TVs inoperable. 
146.0,USA,Joe Tanner;Heide Stefanyshyn-Piper;,STS-115/12A,2006-09-12,6:26,"ISS based EVA.  Connected the P1/P3 lower and upper tray umbilicals.  Released solar array launch restraints and positioned the stowed arrays for automated deployment.  Rotated P4 truss keel pin to stowed position.  Removed of 2 of 16 solar array joint launch locks, deployed all 4 solar array joint braces and removed 2 avionics thermal shrouds.  Lost a small bolt/spring and washer during launch lock cover work. "
147.0,USA,Dan Burbank;Steve MacLean;,STS-115/12A,2006-09-13,7:11,ISS based EVA.  Removed solar array alpha joint launch locks and restraints.  Lost a bolt from a launch lock cover.  Release of one launch restraint bolt required a wrench cheater bar and both crew for leverage.  Cleared items to permit P3 truss access by the ISS mobile transporter for future assembly work.  Secured the velcro of a partially loose thermal cover on P3 truss.  Removed 2 avionics thermal shrouds and relocated 2 foot restraints.   
148.0,USA,Joe Tanner;Heide Stefanyshyn-Piper;,STS-115/12A,2006-09-15,6:42,"ISS based EVA.  Retrieved MISSE-5 experiment.  Installed bolt retainers on the P6 beta gimbal struts.  Unable to engage hinge lock on P6 beta gimbal strut.  Freed snagged tether from mobile transporter.  Release P4 radiator launch restraints.  Set up two foot restraints for 12A.1.  Released bolt torques of P4 MMOD cover.  Replaced S-band antenna and upgraded electronics.  Installed thermal shield on Ku-band antenna electronics.  IR camera imagery of Shuttle wing leading edge.  Due to time on Sband antenna, ran out of time for lab wireless antenna and and ISS radiator IR imagery"
149.0,USA,Robert Curbeam;Christer Fuglesang;,STS-116/12A.1,2006-12-12,6:36,"ISS based EVA.  Removed launch locks from the P5 truss.  Aided alignment and secured the P5 truss to the P4 truss.  Relocated a radiator grapple fixture.  Replaced a failed camera on the S1 truss (13A prep).  Performed 13A assembly get-ahead tasks (P5 electrical connections, latch opening, 2 of 4 outboard launch locks).  Lost removal socket tool overboard "
150.0,USA,Robert Curbeam;Christer Fuglesang;,STS-116/12A.1,2006-12-14,5:00,ISS based EVA.  Reconfigured electrical cables of power channels 2 and 3 and Z1 patch panel.  Relocated both CETA carts (13A prep).  Installed insulation on the force moment sensors of ISS robotic arm.  Installed 4 bags containing fluid line and pump module servicing equipment.
151.0,USA,Robert Curbeam;Sunita Williams;,STS-116/12A.1,2006-12-16,7:31,"ISS based EVA.  Reconfigured electrical cables of power channels 1 and 4, Z1 patch panel and Russian power.  Transfered Service Module MMOD protection panels to PMA3.  Installed the grapple fixture on spare flex hose rotary coupler.  Manually aided retraction of the P6 port solar array-completion deferred to next EVA.  Lost still camera overboard "
152.0,USA,Robert Curbeam;Christer Fuglesang;,STS-116/12A.1,2006-12-18,6:38,ISS based EVA.  Manually aided full retract of P6 port solar array.  Inspected P6 stbd solar array.  Adjusted new insulation of SSRMS force sensors
153.0,USA,Mike Lopez-Alegria;Sunita Williams;,Incr-14,2007-01-31,7:55,ISS based EVA.  Established permanent configuration of the electrical and fluid lines of the loop A thermal system.  Secured and covered the stowed P6 stbd radiator. Relocated 1 of 2 ammonia servicer jumpers.  NH3 leakage induced bakeout and contamination sensing.   Installed ISS to Shuttle power transfer cables between Lab and Z1.  Installed handrail gap spanners on P6.
154.0,USA,Mike Lopez-Alegria;Sunita Williams;,Incr-14,2007-02-04,7:11,ISS based EVA.  Established permanent configuration of the electrical and fluid lines of the loop B thermal system.  NH3 leakage induced bakeout and contamination sensing.  Relocated ammonia servicer jumper.  Secured the stowed P6 aft radiator.  Retrieved an MDM thermal shade.  Installed ISS to Shuttle power transfer cables between Lab and PMA2.  Retrieved a foot restraint for in-cabin thermal shield removal.  Photographed P6 solar array in prep for retraction.
170.0,USA,Peggy Whitson;Dan Tani;,Incr-16,2007-11-20,7:16,ISS based EVA.  Installed stbd thermal cooling lines on Node 2.  Connected elec cables to PMA2.  Lost wiretie overboard and EV2 biomed signal failed
155.0,USA,Mike Lopez-Alegria;Sunita Williams;,Incr-14,2007-02-08,6:40,ISS based EVA.  Removed and jettisoned 4 thermal shrouds. Deployed P3 cargo attachment site  Removed last 2 launch locks from the P5 truss. Finished installation of ISS to Shuttle power transfer cables and reinstalled an in-cabin reconfigured foot restraint.  Photoed PMA2 docked audio connector.  
175.0,USA,Rex Walheim;Hans Schlegel;,STS-122/1E,2008-02-13,6:45,ISS based EVA.  Replaced nitrogen tank on P1 truss and installed old tank on Shuttle for earth return.  Installed trunnion covers on Columbus
156.0,USA,Jim Reilly;Danny Olivas;,STS-117/13A,2007-06-11,6:15,"ISS based EVA.  Connected electrical lines btw S1 and S3/S4 trusses.  Unstowed solar array blanket boxes and beta gimbals.  Stowed the S3/S4 keel.   Removed and jettisoned thermal shrouds from 5 avionics boxes.  Released restraints for S4 radiator deployment.  Engaged drive lock, removed 6 launch locks and rigidized struts of S4 solar array alpha joint.  Removed SVS target to clear MT path"
157.0,USA,Pat Forrester;Steve Swanson;,STS-117/13A,2007-06-13,7:16,"ISS based EVA.  Aided retraction of enough bays of P6 solar array to permit alpha joint rotation.  Removed 10 of 16 launch locks, deloyed braces and engaged drive lock of S3 solar array alpha joint"
158.0,USA,Danny Olivas;Jim Reilly;,STS-117/13A,2007-06-15,7:58,ISS based EVA.  Replaced vent valve on Lab for US O2 generator.  Secured loose thermal blanket on Shuttle OMS pod.  Finished retracting P6 solar array
159.0,USA,Pat Forrester;Steve Swanson;,STS-117/13A,2007-06-17,6:29,"ISS based EVA.  Opened H2 vent for new US O2 generator.  Installed video camera stand.  Verified drive lock config and removed 6 launch restraints of the S3 solar array alpha joint.   Stowed S3 drag link and keel pin.  Released S4 MMOD shield bolts.  Cleared MT path.  Installed FGB-Node1 local area network cable, but had to subsitute tether hooks for several MMOD shield fasteners.  Relocated foot restraint and removed handrail near Node 1 nadir port"
160.0,USA,Clay Anderson;Fyodor Yurchikhin;,Incr-15,2007-07-23,7:41,"ISS based EVA.  Installed a video camera stand and jettisoned its stowage restraints.  Replaced a failed RPCM to restore mobile transporter power redundancy.  Jettisoned the early ammonia servicer.  Cleaned the Node1 berthing mechanism seal.  Relocated the P6 aux bag to Z1, removed failed GPS antenna #4 and released Node 2 fluid tray bolts."
161.0,USA,Rick Mastracchio;Dave Williams;,STS-118/13A.1,2007-08-11,6:17,ISS based EVA.  Installed the S5 truss and connected S4-S5 electrical lines.  Relocated the radiator grapple fixture on S5.  Removed S5-S6 launch locks on S5 and opened the S5-S6 capture latch.  Secured the auto retracted P6 radiator.
162.0,USA,Rick Mastracchio;Dave Williams;,STS-118/13A.1,2007-08-13,6:28,ISS based EVA.  Replaced failed CMG 3 and stowed failed unit on pallet outside ISS airlock for return on future Shuttle mission.  Photographed MISSE 3 & 4 experiments.  
163.0,USA,Rick Mastracchio;Clay Anderson;,STS-118/13A.1,2007-08-15,5:28,ISS based EVA.  Relocated the S-band antenna from P6 to P1 and installed new signal processor and transponder on P1.  Retrieved P6 transponder.  Relocated CETA carts.  Damaged glove terminated EVA early.
164.0,USA,Dave Williams;Clay Anderson;,STS-118/13A.1,2007-08-18,5:02,ISS based EVA.  Installed the Orbiter inspection boom restraints on S1.  Engaged S-band antenna gimbal locks on Z1.  Retrieved MISSE 3&4 experiments.  Installed antennas for external wireless sensors on Lab
165.0,USA,Scott Parazynski;Doug Wheelock;,STS-120/10A,2007-10-26,6:14,ISS based EVA.  Stowed old S-band antenna in Shuttle for return.  Released launch power cable from Node 2 and temp secured grapple fixture on Node 2.  Resecured Node 2 window cover that opened during launch.  Demated Z1-P6 fluid lines and covered stowed radiator and avionics box on P6.  Did post EVA ammonia cleanup for minor leak during fluid line demating.  One gloved NO GO after EVA due to cut damage.
166.0,USA,Scott Parazynski;Dan Tani;,STS-120/10A,2007-10-28,6:33,"ISS based EVA.  Demated Z1 to P6 umbilicals and attachment bolts.  Installed Node 2 EVA aids (handrails, foot restraint sockets, slidewire).  Removed all Node 2 berthing mechanism pins, but lost one pin within cover.  Confirmed handrail on CETA cart not source of glove damage.  Inspected starboard solar array alpha joint and collected sample of metallic debris on tape.  Both still cameras and one suit earphone failed.  Configure S1 radiator release cable for deployment and main bus switching unit for P6 startup.  Installed all 4 bolts for Node 2 grapple fixture."
167.0,USA,Scott Parazynski;Doug Wheelock;,STS-120/10A,2007-10-30,7:08,"ISS based EVA.  Connected 4 bolts and 4 cables to mate P6 to P5.  Inspected port solar array alpha joint and found no issues.  Removed solar array avionics thermal shroud.  Released P6 radiator restraints to permit deployment.  Reconfigured P1 radiator cabling for deploy.  Relocated spare MBSU to ISS.  Retrieved N2 vent tool, relocated vent tool bag and installed 1 of 4 S0 gap spanners.  Left a camera outside accidently.  One suit and one glove determined NO GO post EVA due to sublimator degraded and thermal garment damage"
168.0,USA,Scott Parazynski;Doug Wheelock;,STS-120/10A,2007-11-03,7:19,"ISS based EVA.  Inspected and repaired damaged P6 solar array and supported full deployment.  Installed 5 ""cuff links"" as reinforcements for separated panel hinges.  Cut frayed snagged hinge and guide wires.  Retrieved 2 foot restraints with suspect sharp edges for IVA inspect/correct.  Retrieved camera left out by prior EVA.  Pliers lost."
169.0,USA,Peggy Whitson;Yuri Malenchenko;,Incr-16,2007-11-09,6:55,"ISS based EVA.  Prepared PMA2 for relocation to Node 2.  Demated electrical cables, removed light on Lab and removed thermal cover from Node 2 fwd port.  Connected power/data cables for Node 2 grapple fixture.  Connected power cable for service module power.  Replaced failed RPCM.  Reconfigured FGB-PMA1 jumpers.  Retrieved S-band signal processor.  Relocated ammonia vent tool bag on airlock.  Unable to install Node 2 handrail.  Wore overgloves for sharp edge protection"
171.0,USA,Peggy Whitson;Dan Tani;,Incr-16,2007-11-24,7:04,ISS based EVA.  Installed port thermal cooling lines on Node 2.  Connected elec cables to PMA2.  Inspected and photoed stbd solar array joint
172.0,USA,Peggy Whitson;Dan Tani;,Incr-16,2007-12-18,6:56,ISS based EVA.  Inspected stbd solar array alpha and beta joints.  No obvious causes found for rotation issues.  Retrieved 1 trundle bearing from alpha joint for in-cabin and ground assessments.
173.0,USA,Peggy Whitson;Dan Tani;,Incr-16,2008-01-30,7:10,ISS based EVA.  Replaced failed solar array beta gimbal unit and inspected alpha joint
174.0,USA,Rex Walheim;Stan Love;,STS-122/1E,2008-02-11,7:58,"ISS based EVA.  Enabled Columbus installation (demated STS heater cables, installed grapple fixture, removed window & berthing mech covers) and began prep of nitrogen tank transfer by loosening bolts.  Accidently found possible source of cut gloves on airlock handrail (MMOD impact)"
176.0,USA,Rex Walheim;Stan Love;,STS-122/1E,2008-02-15,7:25,"ISS based EVA.  Installed 2 ESA science experiments, 9 handrails, 2 foot restraint sockets and keel pin cover on Columbus.  Transfered failed CMG for Shuttle return.  
Photographed sharp edge on airlock handrail"
181.0,USA,Robert Behnken;Mike Foreman;,STS-123/1JA,2008-03-22,6:02,ISS based EVA.  Stowed Shuttle inspection boom on ISS S1 truss with keep alive power.  Installed trundle bearing on stbd solar array alpha joint and completed inspections under joint covers.  Installed MISSE experiments on pallet outside Columbus (1 reqd light hammering of pip pins).  Trunnion covers installed on Japanese module. Cutters stowed in airlock tool box
182.0,USA,Mike Fossum;Ron Garan;,STS-124/1J,2008-06-03,6:48,"ISS based EVA. Released special launch restraint of elbow camera of Shuttle robotic arm. Demated Shuttle inspection boom from ISS truss to permit return/use. Prepared Japanese module for install by demating cables from Shuttle, removing berthing mech covers and releasing window locks. Worked on damaged solar array joint by reinstalling trundle bearing, confirming divot and demonstrating cleaning and lubrication. Verified cargo latch ops on mobile transporter. Removed solar array joint launch restraint."
183.0,USA,Mike Fossum;Ron Garan;,STS-124/1J,2008-06-05,7:11,"ISS based EVA. Installed 2 cameras for JEM robot arm op.  Removed thermal covers from JEM arm.  Prepped JEM berthing mech for stowage module relocation (remove cover, release launch restraints, eliminate insulation interference).  Installed JEM trunnion and keep pin covers.  Prepped for N2 tank replacement.  Retrieved failed camera from truss. Inspected port solar array joint (wear and grease buildup as during past inspection but no metal shavings)."
184.0,USA,Mike Fossum;Ron Garan;,STS-124/1J,2008-06-08,6:33,"ISS based EVA. Replaced N2 tank on S1 truss.  Reinstalled repaired truss camera.  Finished JEM interfaces (window launch locks, berthing mech MMOD shields, robotic arm insulation/launch lock). Sampled port solar array joint contamination.  Removed stbd solar array joint launch restraint"
185.0,USA,Heide Stefanyshyn-Piper;Steve Bowen;,STS-126/ULF2,2008-11-18,6:52,"ISS based EVA. Empty N2 tank transferred to Shuttle.  Spare flex hose rotary coupler relocated to ISS.  Thermal covers removed from JEM ext facility berthing mechanism.  Initiated cleaning and lube of stbd SARJ.  2 stbd SARJ trundle bearings replaced and 1 removed.  Lost bag of SARJ cleaning/lube tools overboard.  As bonus, removed SARJ launch restraint, closed Node 2 hatch cover and retrieved spare trash bag from tool box"
201.0,USA,Chris Cassidy;Tom Marshburn;,STS-127/2JA,2009-07-27,4:54,"ISS based EVA.  Adjusted SPDM thermal covers.  Reconfiged elec connectors of Z1 patch panel to restore CMG pwr redundancy.  Installed two JEM external facility video cameras.  Installed JEM handrail, foot restraint socket and gap spanner. Relocated a foot restraint.  Due to high use dry out of CO2 can, lacked time to deploy S3 pallet"
186.0,USA,Heide Stefanyshyn-Piper;Shane Kimbrough;,STS-126/ULF2,2008-11-20,6:45,ISS based EVA. Relocated both CETA carts from stbd to port truss to prep for S6 truss assy on next STS flt.  Continued replacement of cleaning/lube of stbd solar array joint and replacement of trundle bearings.  Overtightened one new trundle bearing and had to use spare.  Lubed end effector snares of ISS robotic arm.  Reconfigured connectors of port truss attach system bolt controller and photoed suspect area of mobile transporter umbilical. Tasks ended early due to higher than expected work rate for regenerable C02 canister
187.0,USA,Heide Stefanyshyn-Piper;Steve Bowen;,STS-126/ULF2,2008-11-22,6:57,ISS based EVA. Replaced all of the remaining stbd trundle bearings except one.  Cleaned and lubed stbd race ring.
188.0,USA,Steve Bowen;Shane Kimbrough;,STS-126/ULF2,2008-11-24,6:07,"ISS based EVA. Lubricated port SARJ race ring.  Replaced last trundle bearing on stbd SARJ.  Retracted failed latch of JEM ext facility berth mech and installed covers.  For HTV, installed 1 of 2 GPS antennas on JEM logistics module for HTV and a camera on P1 truss.  Tasks ended early due to higher than expected work rate for regenerable C02 canister (same prior crewmember)"
189.0,USA,Steve Swanson;Richard Arnold;,STS-119/15A,2009-03-19,6:07,"ISS based EVA. Bolted S6 to S5 truss and mated electrical cables.  Stowed X6 keel pin, deployed solar array linkages (1 of 4 latches did not engage), removed/jettisoned avionics thermal covers, released radiator restraints and removed blanket box restraints.  Deployed S6 avionics MMOD shield"
190.0,USA,Steve Swanson;Joseph Acaba;,STS-119/15A,2009-03-21,6:30,"ISS based EVA. Loosened restraints of P6 batteries for future replacement.  Unable to fully deploy P3 interface for future ORU spares (adj diameter pin suspect).  Due to time, deferred S3 payload attach sys deploy.  Due to elec conn demate failure, deferred Z1 patch panel reconfig for CMG pwr.  Installed JEM GPS antenna.  Took infrared images of P1 & S1 radiators"
256.0,Russia,Vladimir Titov;Musa Manarov;,Soyuz TM-4    Mir,1988-06-30,5:10,Replace Xray telescope detector module
191.0,USA,Richard Arnold;Joseph Acaba;,STS-119/15A,2009-03-23,6:27,"ISS based EVA. Relocated one CETA cart from port to stbd side of mobile transporter.  Again unable to finish deploy of P3 spares attach sys.  Again deferred S3 payload attach deploy and Z1 patch panel reconfig.  Lubed robotic arm end effector snares, replaced CETA cart coupler, reconfigured elec conns of truss attach bolts and freed clamps of flex hose rotary coupler.  Suit CO2 sensor failed and SAFER handcontroller door accidently opened"
192.0,USA,John Grunsfeld;Andrew Feustel;,STS-125/HST 4,2009-05-14,7:20,HST servicing.  Replaced wide field camera (after high torque time consuming bolt release) and science computer.  Installed soft capture mechanism for future automated disposal mission.  Installed 2 of 3 bolt/latch mechanisms on large doors (after difficulties with alignments).  
193.0,USA,Mike Massimino;Mike Good;,STS-125/HST 4,2009-05-15,7:56,HST servicing.  Replaced 3 of 3 gyro packages and 1st group of 3 batteries.  Tolerance issue forced installation of 1 non-optimum but adequate spare gyro.  Difficulty closing doors to gyro bay.
194.0,USA,John Grunsfeld;Andrew Feustel;,STS-125/HST 4,2009-05-16,6:36,HST servicing.  Replaced COSTAR with cosmic origins spectrograph (COS).  Repaired failed advanced camera for surveys (ACS) with removal of 4 detector circuit boards and installation of new power supply and new detector circuit boards
195.0,USA,Mike Massimino;Mike Good;,STS-125/HST 4,2009-05-17,8:02,HST servicing.  Repaired failed space telescope imaging spectrograph (STIS) with new power supply board.  Time lost to stuck handrail bolt and failed power tool battery.  Ran out of time to install new outer blanket (NOBL) #8.  
196.0,USA,John Grunsfeld;Andrew Feustel;,STS-125/HST 4,2009-05-18,7:02,"HST servicing.  Installed 2nd/last group of batteries.  Replaced fine guidance sensor (FGS).  Installed NOBLs 8, 5 and 7 (lots of loose debris with 2nd).  Reinstalled low gain antenna cover to permanently protect exposed antenna parts after tip accidently broken off during equipment cleanup"
197.0,USA,Dave Wolf;Tim Kopra;,STS-127/2JA,2009-07-18,5:32,ISS based EVA. Aided JEM exposed facility install by jettisoning berthing mech covers and removing launch heater cable.  Aided spares pallet transfer by removing launch heater cable.  Removed JEM robot arm ground tab.  Opened Node 1 & 2 berthing camera blankets as prep for PMA3 relocate and HTV arrival.  Reconfig port CETA cart outfitting and rail stop to avoid interferences.  Deployed external pallet site on P3 using special detent tool (S3 pallet deploy deferred).  Removed cover from JEM MAXI experiment.  Released NH3 tank bolt as prep for replace.  Installed 2 of 6 ground connector sleeves for Shuttle to ISS power transfer sys
198.0,USA,Dave Wolf;Tom Marshburn;,STS-127/2JA,2009-07-20,6:52,ISS based EVA.  Transfered 3 large spares to ISS.  Installed grapple bar on P1 ammonia tank as prep for future replace.  Installed 2 of 6 ground connector sleeves for Shuttle to ISS power transfer sys.  Comm cap perf poor due to sweat
199.0,USA,Dave Wolf;Chris Cassidy;,STS-127/2JA,2009-07-22,5:59,ISS based EVA.  Relocated foot restraint socket for HTV arrival prep. Prepped 3 payloads for robotic install outside JEM. Installed 2 of 6 ground connector sleeves for Shuttle to ISS power transfer sys.  Replaced 2 batteries on P6 truss and stowed 2 old batts in Shuttle for return. Stopped early due to suit CO2 increase induced by high work rate
200.0,USA,Chris Cassidy;Tom Marshburn;,STS-127/2JA,2009-07-24,7:12,ISS based EVA.  Replaced 4 batteries on P6 truss and stowed old batts in Shuttle for return.  
202.0,USA,Danny Olivas;Nicole Stott;,STS-128/17A,2009-09-01,6:35,ISS based EVA.  Removed NH3 tank from P1 and temp stowed.  Transferred MISSE 6a/b & EuTEF experiments to Shuttle
203.0,USA,Danny Olivas;Christer Fugelsang;,STS-128/17A,2009-09-03,6:39,ISS based EVA.  Start delayed to redo prebreathe after comm cap readjust.  Installed new NH3 tank on P1 and stowed old tank on Shuttle.  Installed grapple bar on S1 NH3 tank.  Unable to connect PMA3 heater cables due to prior incorrect clocking of PMA3.  Installed camera lens covers on station arm as prep for HTV.  Relocated a tool stanchion
204.0,USA,Danny Olivas;Christer Fugelsang;,STS-128/17A,2009-09-05,7:01,ISS based EVA.  Deployed S3 zenith pallet.  Replaced failed rate gyro #2 and RPCM on S0.  Installed 2 GPS antennas.  Removed Node1 slidewire as prep for Node3.  Installed two S0-Node3 cables (one connector unable to mate).  Helmet TV camera/lights almost lost overboard due to bumped latches
205.0,USA,Mike Foreman;Robert Satcher;,STS-129/ULF3,2009-11-19,6:37,ISS based EVA.  Installed spare Sband antenna and cables for spare Kuband antenna.  Prepped for Node3 install (replace handrail w/ NH3 line bracket).  Lubricated end effectors of mobile transporter payload base and JEM robot arm.  Installed FGB-Node1 network cable.  Deployed S3 payload attach structure
206.0,USA,Mike Foreman;Randy Bresnick;,STS-129/ULF3,2009-11-21,6:08,ISS based EVA.  Installed ham radio antennas on Columbus.  Relocated floating potential measure unit from S1 to P1. Deployed the last two payload attach structures and installed wireless video transcvr (all on S3).  Retrieved foot restraint for cabin reconfig and relocated tool stanchion.  Photographed suspect seals on Node 2 berth mechanism
207.0,USA,Robert Satcher;Randy Bresnick;,STS-129/ULF3,2009-11-23,5:42,ISS based EVA.  Start delayed by detached drink bag valve. Relocated some airlock MMOD shields and installed O2 tank outside US airlock. Installed MISSE experiments 7A & 7B on external logistics carrier. Released bolt on NH3 tank. Installed thermal covers on mobile base and two fluid jumpers. Relocated a foot restraint
211.0,USA,Rick Mastracchio;Clayton Anderson;,STS-131/19A,2010-04-09,6:28,ISS based EVA.  Temp stowed new NH3 tank on ISS robot arm.  Retrieved JAXAA's MPAC/SEED experiment for return.  Replaced rate gyro assembly #1. Relocated a foot restraint socket extender.  Removed P1 flex hose rotary coupler launch restraint bolts and released cable clamps.  Tightened grapple fixture attachment bolts of old NH3 tank as prep for return to Shuttle
212.0,USA,Rick Mastracchio;Clayton Anderson;,STS-131/19A,2010-04-11,7:26,ISS based EVA.  Removed old NH3 tank and temp stowed on CETA cart.  Overcame a troublesome bolt and installed new NH3 tank/cables.  Installed 2 radiator grapple beams and relocated a foot restraint
213.0,USA,Rick Mastracchio;Clayton Anderson;,STS-131/19A,2010-04-13,6:24,"ISS based EVA.  Finished installing new NH3 tank (fluid lines).  Stowed old NH3 tank (despite a balky bolt) and airlock MMOD shields for Shuttle return.  Relocated grapple fixture from old tank to new tank.  As prep for next Shuttle flt, relocated foot restraint and prepped cables for spare Sband antenna"
214.0,USA,Garrett Reisman;Steve Bowen;,STS-132/ULF4,2010-05-17,7:25,ISS based EVA.  Installed an operational spare Ku antenna boom and dish on Z1.  Installed ORU holder on SPDM.  Loosened bolts on new batteries for P6
215.0,USA,Steve Bowen;Michael Good;,STS-132/ULF4,2010-05-19,7:09,ISS based EVA.  Unsnagged cable of orbiter inspection boom sensor.  Replaced 4 batteries on P6.  Finished bolting Ku antenna dish to boom and releasing launch locks
216.0,USA,Garrett Reisman;Michael Good;,STS-132/ULF4,2010-05-21,6:46,ISS based EVA.  Installed NH3 jumper on port truss.  Replaced 2 batteries on P6.  Transferred grapple fixture to ISS for later install on FGB.
217.0,USA,Doug Wheellock;Tracy Caldwell Dyson;,Incr-24,2010-08-07,8:03,"ISS based EVA.  Demated 3 of 4 NH3 connectors from failed coolant pump, but the 4th leaked and was left installed.  Ended work to do suit decontamination. EV2 CO2 sensor failed"
218.0,USA,Doug Wheellock;Tracy Caldwell Dyson;,Incr-24,2010-08-11,7:26,"ISS based EVA.  After remote cmds reduced upstream pressure, demated 4th NH3 connector and then demated electrical connectors.  Installed grapple fixture, unbolted old pump, temp stowed it and then demated electrical connectors of new pump"
219.0,USA,Doug Wheellock;Tracy Caldwell Dyson;,Incr-24,2010-08-16,7:20,ISS based EVA.  Installed new coolant pump and stowed support equipment.  Connected CETA carts to mobile transporter for unobstructed remote cmd translation.
220.0,USA,Steve Bowen;Alvin Drew;,STS-133/ULF5,2011-02-28,6:34,ISS based EVA.  Installed backup power cable for new stowage module.  Relocated failed pump module and prepped it for NH3 venting to enable future return.  Repositioned Z1 truss RPCM thermal blanket and an EVA foot restraint socket extension.  Retrieved foot restraint for incabin maintenance.  Added wedge to S1 camera for clearance with nearby logistics carrier.  Enabled MT and CETA cart translation past stbd solar array joint by installing rail extensions and removing stops.  Collected vacuum in JAXA experiment bottle.
221.0,USA,Steve Bowen;Alvin Drew;,STS-133/ULF5,2011-03-02,6:14,"ISS based EVA.  Late start due to suit leak from damaged CO2 can O-ring.  Vented NH3 from failed pump module enabling future return. Retrieved tool stowage bags used in past pump replacement.  Installed light on port CETA cart, camera on SPDM robot and 3 camera lens covers.  Repositioned camera sunshade for clear view.  Resecured loose radiator grapple beam. Retrieved pallet with MISSE data for return.  Removed thermal insulation from several locations.  Reinstalled foot restraint and relocated another. Relocated Strela grapple fixture adapter to FGB.  Early end due to partly detached helmet lights."
222.0,USA,Andrew Feustel;Greg Chamitoff;,STS-134/ULF6,2011-05-20,6:19,"ISS based EVA.  Retrieved MISSE 7.  Installed MISSE 8, light on S3, stbd SARJ cover and port truss NH3 jumper (for radiator leak topoff). Vented N2 from port NH3 servicer lines and disconnected line across SARJ for overnight motions.  Mechanically installed 2 payload wireless antennas on Lab, but did not finish connecting all cables under MMOD shields due to suit CO2 transducer failure that shortened task time.  Setup NH3 vent tool bag for next EVA. EV2 biomed data lost early and topped off suit O2 due to high metabolic use rate."
223.0,USA,Andrew Feustel;Mike Fincke;,STS-134/ULF6,2011-05-22,8:07,"ISS based EVA.  Reconnected fill line, refilled P6 radiator NH3, vented refill lines and disconnected line across SARJ.  Did suit solar bakeout due to suspected NH2 leak from disconnect. Lubricated 1/3 of port SARJ (lost 1 bolt & 3 washers from joint covers, one cover returned to airlock due to too few remaining bolts) and SPDM end effector.  Installed SPDM camera cover and 2 stbd radiator grapple bar stowage beams"
224.0,USA,Andrew Feustel;Mike Fincke;,STS-134/ULF6,2011-05-25,6:54,"ISS based EVA.  Installed FGB PDGF/stand, video signal conditioner and a portion of associated cables.  Installed cables for backup power from US to Russian segment.  Finished installing cables under MMOD shields for 2 payload wireless antennas.  Installed thermal blanket on airlock O2 tank grapple fixture.  Infrared video of AirForce aerogel thermal insulation experiment.  Std photos of FGB PDGF and nearby FGB thrusters.  Resecured velcro of loose thermal insulation on external spare.  Antifog temporarily irritated EV1 eye "
225.0,USA,Mike Fincke;Greg Chamitoff;,STS-134/ULF6,2011-05-27,7:24,ISS based EVA.  Permanently stowed orbiter inspection boom on ISS to expand future EVA/robotic reach for maint.  Removed P6 PDGF and installed on orbiter boom in place of EFGF to enable SSRMS handling.  Released expandable diam fasteners of spare SPDM arm.  EV2 topped off suit O2.  Took photos of DOD experiments.
226.0,USA,Ron Garan;Mike Fossum;,ISS-Incr 28 during STS-135/ULF7,2011-07-12,6:31,"ISS based EVA.  Transfered failed 1400lb pump module from ISS to Shuttle for return.  Transfered GSFC's satellite robotic refueling demo unit from Shuttle to ISS.  Add MISSE 8's ORMATE optical mirror experiment to ISS. As getaheads, installed PMA3 thermal cover, repositioned FGB PDGF's obstructing ground wire under thermal insulation and retrieved cutter for next Russian EVA"
227.0,USA,Sunita Williams;Akihiko Hoshide;,ISS-Incr 32,2012-08-30,8:17,ISS based EVA.  Installed 1 of 2 power cables for future MLM use.  Removed and stowed failed MBSU.  Unable to install new MBSU and left it tied down. Contaminated sublimator plate reduced cooling at end of EVA and led to suit declared no-go for future
228.0,USA,Sunita Williams;Akihiko Hoshide;,ISS-Incr 32,2012-09-05,6:28,"ISS based EVA.  Removed MBSU after releasing alignment sensitive bolt.  Photographed, inspected, cleaned and lubricated mechanical bolts and receptacles.  Ran spare bolt in and out of receptacle to smooth threads.  Using basic manual wrench for alignment touch, MBSU was bolted down.  Failed SSRMS camera replaced."
229.0,USA,Sunita Williams;Akihiko Hoshide;,ISS-Incr 32,2012-11-01,6:38,Bypassed coolant system ammonia leak with jumper connections and backup radiator deployment.  Inspected solar array joint for cause of recent increase in friction.
230.0,USA,Chris Cassidy;Tom Marshburn;,ISS Incr-35,2013-05-11,5:31,Replaced P6 truss pump flow control system box due to leak in coolant system.  Stowed old unit.  Performed precautionary ammonia bakeout.
231.0,USA,Chris Cassidy;Luca Parmitano;,ISS Incr-36,2013-07-09,6:07,"Replaced failed Ku antenna avionics.  Retrieved 2 materials exposure experiments.  Took photos of contaminated radiator of AMS.  Installed 2 radiator grapple bars.  Routed MLM power cable to FGB.  Removed failed camera of mobile transporter.  Installed PMA2 MMOD cover, Z1 bypass jumper power cables and MLM data cable.  Cleared ground wire obstructing FGB PDGF"
232.0,USA,Chris Cassidy;Luca Parmitano;,ISS Incr-36,2013-07-16,1:32,EVA terminated early due to free water in EV2's helmet.  Completed install of Z1 bypass jumper cable and FGB PDGF data cable.  Partially routed MLM data cable.
237.0,Russia,Vladimir Kovalyonok;Alexandr Ivanchenkov;,Soyuz 29      Salyut 6,1978-07-29,2:05,"Replace scientific samples, test new suits"
238.0,Russia,Vladimir Lyakhov;Valeri Ryumin;,Soyuz 32       Salyut 6,1979-08-15,1:23,"Free damaged/jammed 10m diameter KRT-10 antenna with cable cutters, forked stick and boot"
239.0,Russia,Anatoli Berezovsky;Valentin Lebedev;,Soyuz T-5     Salyut 7,1982-07-30,2:33,"Replace scientific equipment, remove ISTOK-2 exposed materials/structure.  Improved Orlan D suit used."
242.0,Russia,Leonid Kizim;Vladimir Solovyov;,Soyuz T-10     Salyut 7,1984-04-23,4:15,"Place tool boxes, equipment, portable ladder.  Use pnuematic punch & cutter to get thru station skin.   "
243.0,Russia,Leonid Kizim;Vladimir Solovyov;,Soyuz T-10     Salyut 7,1984-04-26,5:00,"Install pipe/valve, purge and leak check manfold"
244.0,Russia,Leonid Kizim;Vladimir Solovyov;,Soyuz T-10     Salyut 7,1984-04-29,2:45,"Add pipe, leak check, cover with blanket"
245.0,Russia,Leonid Kizim;Vladimir Solovyov;,Soyuz T-10     Salyut 7,1984-05-04,2:45,Continue leaky propellant line repair/replace
246.0,Russia,Leonid Kizim;Vladimir Solovyov;,Soyuz T-10     Salyut 7,1984-05-18,3:03,Install solar array additions (2).  Jettison boxes
247.0,Russia,Leonid Kizim;Vladimir Solovyov;,Soyuz T-10     Salyut 7,1984-08-08,5:00,Remove thermal cover w/ special tool.  Seal leaky propellant oxidizer pipe with pinching device.  Cut  free & bring in solar array section
248.0,Russia,Svetlana Savitskaya;Vladimir Dzhanibekov;,Soyuz T-12      Salyut 7,1984-07-25,3:34,"First female EVA.  Welding, cutting, soldering, metal spraying with Paton Institute tool"
250.0,Russia,Leonid Kizim;Vladimir Solovyov;,Soyuz T-15       Salyut 7,1986-05-28,3:40,Ferma-Postroite 15m truss deploy/stow.  Install Mayak optical instrument.  Retrieve ISTOK-EM material samples.  Test new Orlan DM suits
251.0,Russia,Leonid Kizim;Vladimir Solovyov;,Soyuz T-15       Salyut 7,1986-05-31,5:01,Ferma-Postroite 15m truss deploy after installing vibration measurement unit. Complete Mayak deploy manually.  Weld truss joints.  
252.0,Russia,Yuri Romanenko;Alexandr Laveykin;,Soyuz TM-2     Mir,1987-04-11,3:39,Debris removed to restore docking between Kvant and Mir modules.  Robot arm temporarily increased distance between Kvant & Mir for manual debris access.  L. tried low suit P reg position which did not immediately stabilize
253.0,Russia,Yuri Romanenko;Alexandr Laveykin;,Soyuz TM-2     Mir,1987-06-12,1:53,Assembly of modified solar arrays
254.0,Russia,Yuri Romanenko;Alexandr Laveykin;,Soyuz TM-2     Mir,1987-06-16,3:15,Assembly of modified solar arrays
259.0,Russia,Alexandr Viktorenko;Alexandr Serebrov;,Soyuz TM-8     Mir ,1990-01-08,2:57,Install 2 star trackers on Kvant 1.  Remove MMK2 panel from base block
285.0,Russia,Valeri Tsibliyev;Alexandr Serebrov;,Soyuz TM-17    Mir 16,1993-09-16,4:19,"Install stowed Rapana small truss on Kvant1.  Install material samples (Indikator, Plenka5, Strakhovka)"
260.0,Russia,Alexandr Viktorenko;Alexandr Serebrov;,Soyuz TM-8     Mir ,1990-01-11,2:58,"Kvant 1 science installed (Arfa-9, SKK-1, SKK-3), ERA supports disassembled, docking system hatch relocation as prep for Kristall.  Retrieve Enchantillon experiment"
261.0,Russia,Alexandr Viktorenko;Alexandr Serebrov;,Soyuz TM-8     Mir ,1990-01-26,3:02,"MMU mooring post/winch installed, Atlas TV and Ferrer/Daneo science installed, solar array fasteners inspected, checkout of Kvant2 airlock and new Orlan DMA w/o umbilical"
264.0,Russia,Anatoli Solovyov;Alexandr Balandin;,Soyuz TM-9       Mir ,1990-07-17,7:00,"Reattach Soyuz thermal insulation blanket, Kvant 2 airlock hatch damaged.  Ingress into backup airlock of Kvant2"
265.0,Russia,Anatoli Solovyov;Alexandr Balandin;,Soyuz TM-9       Mir ,1990-07-26,3:52,Soyuz repair access ladder stowed.  Kvant 2 airlock hatch inspected and forced closed
266.0,Russia,Gennady Manakov;Gennady Strekalov;,Soyuz TM-10    Mir ,1990-10-29,3:05,"Kvant 2 airlock hatch repair (remove insulation, temp fix to hinge), dismount ATLAS TV camera"
267.0,Russia,Victor Afanasyev;Musa Manarov;,Soyuz TM-11       Mir ,1991-01-07,5:19,Kvant 2 airlock hatch hinge replacement
268.0,Russia,Victor Afanasyev;Musa Manarov;,Soyuz TM-11       Mir ,1991-01-23,5:34,Cargo transfer boom installed on core module (using bolt hole punch).  Ferrer science retrieved
269.0,Russia,Victor Afanasyev;Musa Manarov;,Soyuz TM-11       Mir ,1991-01-26,6:19,Truss installation for solar arrays on Kvant-1.  Install Kurs reflectors.  Accidental damage to Kurs
270.0,Russia,Victor Afanasyev;Musa Manarov;,Soyuz TM-11       Mir ,1991-04-25,3:34,Inspect damaged Kurs antenna on Kvant-1.  Install repaired ATLAS TV camera.  Test thermo mechanical joints of Sofora truss
271.0,Russia,Sergei Krikalev;Anatoli Artsebarsky;,Soyuz TM-12      Mir ,1991-06-25,4:58,Repair Kvant1 Kurs antenna.  Connect ATLAS TV connectors.  Test thermo mechanical joints of Sofora truss
272.0,Russia,Sergei Krikalev;Anatoli Artsebarsky;,Soyuz TM-12      Mir ,1991-06-28,3:24,Install TREK radiation exp.  Install scanning TV camera for EVA monitoring
273.0,Russia,Sergei Krikalev;Anatoli Artsebarsky;,Soyuz TM-12      Mir ,1991-07-15,5:56,Transfer Sofora 14.5m truss mounting platform to Kvant1
274.0,Russia,Sergei Krikalev;Anatoli Artsebarsky;,Soyuz TM-12      Mir ,1991-07-19,5:28,Assemble Sofora 14.5m truss (sections 1-3)
275.0,Russia,Sergei Krikalev;Anatoli Artsebarsky;,Soyuz TM-12      Mir ,1991-07-23,5:42,Assemble Sofora 14.5m truss (sections 4-14)
276.0,Russia,Sergei Krikalev;Anatoli Artsebarsky;,Soyuz TM-12      Mir ,1991-07-27,6:49,Assemble and elevate Sofora 14.5m truss (sections 15-17).  A. helmet fogged over forcing guide down truss by K.  Jettison old suit
278.0,Russia,Alexandr Viktorenko;Alexandr Kaleri;,Soyuz TM-14    Mir ,1992-07-08,2:03,Kvant 2 gyrodyne inspected after insulation blankets cut.  Test EVA binoculars
281.0,Russia,Anatoli Solovyov;Sergei Avdeyev;,Soyuz TM-15   Mir ,1992-09-11,5:44,Install thruster box on Sofora truss and deploy to ops pos
282.0,Russia,Anatoli Solovyov;Sergei Avdeyev;,Soyuz TM-15   Mir ,1992-09-15,3:33,Move Kurs antenna on Kristall.  Retrieve science
283.0,Russia,Gennady Manakov;Alexandr Poleshchuk;,Soyuz TM-16     Mir 15,1993-04-19,5:25,"Relocated solar array control base from Kristall to Kvant-1.  Vent problem in 1 suit, crane handle lost"
284.0,Russia,Gennady Manakov;Alexandr Poleshchuk;,Soyuz TM-16     Mir 15,1993-06-18,4:32,Relocated second solar array base from Kristall to Kvant-1
286.0,Russia,Valeri Tsibliyev;Alexandr Serebrov;,Soyuz TM-17    Mir 16,1993-09-20,3:13,Deploy Rapana small truss with material samples 
287.0,Russia,Valeri Tsibliyev;Alexandr Serebrov;,Soyuz TM-17    Mir 16,1993-09-28,1:51,Inspect for Perseid meteor shower damage.  Place Danko-M construction materials for exposure.  Retrieve one TREK panel.  Cooling system failure in T's suit shortens EVA
291.0,Russia,Yuri Malenchenko;Talgat Musabeyev;,Soyuz TM-18     Mir 17,1994-09-13,6:05,Inspect Kristall solar arrays before retraction/move to Kvant-1.  Tighten restraint bolts for Sofora and solar array bases.  Mount amateur radio antenna.  Retrieve Rapana science samples.  
292.0,Russia,Vladimir Dezhurov;Gennady Strekalov;,Soyuz TM-19      Mir 18,1995-05-12,6:08,Install electrical cables and adjust solar array actuators on Kvant-1.  Practice folding 3 solar array panels on Kristall
293.0,Russia,Vladimir Dezhurov;Gennady Strekalov;,Soyuz TM-19      Mir 18,1995-05-17,6:50,"Fold one Kristall solar array, move it to Kvant-1 using cargo crane, tie off temporarily"
294.0,Russia,Vladimir Dezhurov;Gennady Strekalov;,Soyuz TM-19      Mir 18,1995-05-22,5:15,Fold all but 10 feet of second Kristall solar array and finish installing other array on Kvant-1
295.0,Russia,Vladimir Dezhurov;Gennady Strekalov;,Soyuz TM-19      Mir 18,1995-05-29,0:21,Move base block docking port for Kristall move
296.0,Russia,Vladimir Dezhurov;Gennady Strekalov;,Soyuz TM-19      Mir 18,1995-06-16,0:23,Move base block docking port in prep for Spektr docking
297.0,Russia,Anatoly Solovyev;Nikola Budarin;,Soyuz TM-20      Mir 19,1995-07-14,5:34,"Cut launch restraint of Spektr solar array with U.S. tool, resecure amateur radio antenna, retether cargo crane to free Kvant-2 solar array"
298.0,Russia,Anatoly Solovyev;Nikola Budarin;,Soyuz TM-20      Mir 19,1995-07-19,3:06,"Recover TREK.  Install Komplast.  Recover SKK-4, SKK-12, Platan, Stuk.  H2O cooling problem on one suit prevented Miras installation"
299.0,Russia,Anatoly Solovyev;Nikola Budarin;,Soyuz TM-20      Mir 19,1995-07-21,5:44,"Deploy Miras, shake Spektr solar array to attempt deploy of end panel.  Resecure amateur radio antenna.  Open Elektron O2 system valve"
304.0,Russia,Yuri Onufrenko;Yuri Usachev;,Soyuz TM-23     Mir 21,1996-05-21,5:20,Relocate cooperative array from DM to Kvant-1.  Pepsi mockup photography
305.0,Russia,Yuri Onufrenko;Yuri Usachev;,Soyuz TM-23     Mir 21,1996-05-24,5:43,Install 1/2 of cooperative array cables on Kvant1
306.0,Russia,Yuri Onufrenko;Yuri Usachev;,Soyuz TM-23     Mir 21,1996-05-30,4:20,Deploy MOMS experiment on Priroda.  Open exp covers
307.0,Russia,Yuri Onufrenko;Yuri Usachev;,Soyuz TM-23     Mir 21,1996-06-06,3:34,Deploy U.S. PIE/MSRE experiments on Kvant-2.  Replace Komza cassettes.  Install SKK-11.  Pepsi mockup photography 
308.0,Russia,Yuri Onufrenko;Yuri Usachev;,Soyuz TM-23     Mir 21,1996-06-13,5:42,Manually assist Priroda Travers antenna.  Tighten Sofora truss fasteners.  Retrieve samples and secure Rapana truss to Sofora.  Install and deploy Ferma-3 truss experiment
311.0,Russia,Valeri Tsibliev;Jerry Linenger;,Soyuz TM-25       Mir 23,1997-04-29,4:57,Deploy OPM and TLD/Benton dosimeters.  Retrieve PIE and MSRE.  Use U.S. EVA tether and 35mm camera.  First use of new Orlan M suits
312.0,Russia,Anatoly Solovyev;Pavel Vinogradov;,Soyuz TM-26      Mir 24,1997-08-21,5:30,Connect solar array power cables inside Spektr.  Inspect Spektr interior for leaks.  Retrieve science and personal hardware from Spektr.
313.0,Russia,Anatoly Solovyev;Mike Foale;,Soyuz TM-26      Mir 24,1997-09-06,6:00,Inspect Spektr exterior for leak sites (video under radiator and measure gap around solar array base).  Rotate 2 Spektr solar arrays.  Retrieve Benton dosimeter.
314.0,Russia,Anatoly Solovyev;Pavel Vinogradov;,Soyuz TM-26      Mir 24,1997-10-20,6:10,Connect 2 of 3 solar array orientation cables inside Spektr.  
315.0,Russia,Anatoly Solovyev;Pavel Vinogradov;,Soyuz TM-26      Mir 24,1997-11-03,6:05,Release Sputnik anniversary satellite.  Tiedown old solar array from Kvant-1 to base block.  Install Vozduk CO2 system external cap.  Retrieve base block solar array sample.  Retrieve/deploy Kvant-2 science.  Kvant-2 outer hatch leaks.  Ingress via backup airlock.
316.0,Russia,Anatoly Solovyev;Pavel Vinogradov;,Soyuz TM-26      Mir 24,1997-11-06,6:19,Transfer new solar array from docking module to Kvant-1.  First handoff of stowed array from one crane to second.  Remove Vozduk external cap and install outlet diffuser.  Kvant-2 outer hatch inspected then sealed with aid of backup bolts.
317.0,Russia,Anatoly Solovyev;Pavel Vinogradov;,Soyuz TM-26      Mir 24,1998-01-09,3:06,"Retrieve U.S. OPM experiment from docking module.  Kvant-2 hatch inspected, videotaped and bolted closed.  "
318.0,Russia,Anatoly Solovyev;Dave Wolf;,Soyuz TM-26      Mir 24,1998-01-14,3:52,Use SPSR experiment on Kvant-2 radiator.  Kvant-2 airlock hatch inspected and bolted closed
319.0,Russia,Talgat Musabeyev;Nikola Budarin;,Soyuz TM-27     Mir 25,1998-03-03,0:00,Manual wrenches inadequate to release hatch bolts.  Spektr solar array reinforcement deferred.
320.0,Russia,Talgat Musabeyev;Nikola Budarin;,Soyuz TM-27     Mir 25,1998-04-01,6:26,Install handrails and foot restraints on Spektr around damaged solar array.  
321.0,Russia,Talgat Musabeyev;Nikola Budarin;,Soyuz TM-27     Mir 25,1998-04-06,4:23,Reinforce Spektr solar array.  Retrieve Komza 
322.0,Russia,Talgat Musabeyev;Nikola Budarin;,Soyuz TM-27     Mir 25,1998-04-11,6:25,Jettison VDU roll thruster package from Sofora top
323.0,Russia,Talgat Musabeyev;Nikola Budarin;,Soyuz TM-27     Mir 25,1998-04-17,6:33,Prepare new VDU for Sofora mating.  Clear Ferma-3 & Rapana trusses.  Tighten Sofora bolts
324.0,Russia,Talgat Musabeyev;Nikola Budarin;,Soyuz TM-27     Mir 25,1998-04-22,6:21,Install new VDU on Sofora and erect to vertical pos.  Jettison of ???????
325.0,Russia,G. Padelka;Sergei Avdeyev;,Soyuz TM-28           Mir 26,1998-09-15,0:30,Internal EVA inside Spektr to connect solar array orientation cable in response to avionics failure.
326.0,Russia,G. Padelka;Sergei Avdeyev;,Soyuz TM-28           Mir 26,1998-11-10,5:50,"Manual launch of Sputnik demo satellite.  Install Dvikon suit material exposure experiment on base block Igla antenna.  Retrieve bagged sample after thruster exhaust exposure.  Attach and deploy experimental solar array on docking module trunnion.  Replace thermal blanket over pwr connectors.  Retrieve  Keramika, Danko, Solyaris and SMMK experiments.  Deploy Komet, Spika, Migmas and Sprut experiments on Kvant2."
327.0,Russia,Victor Afanasyev;Jean-Pierre Heignere;,Soyuz TM-29           Mir 27,1999-04-16,6:19,Attempted demo of leak repair device failed due to valve failure.  Deployed organic material exposure experiment and retrieved French MMOD experiment.  Manual launch of Sputnik demo satellite.  
328.0,Russia,Victor Afanasyev;Sergei Avdeyev;,Soyuz TM-29           Mir 27,1999-07-23,6:07,Installed a new experimental 6-meter diameter antenna on Sofora truss but failed to deploy it fully.  Unsuccessfully sought source of small leak in Kvant-2 atmosphere.  Retrieved the Exobiology and Dvikon experiments.  
329.0,Russia,Victor Afanasyev;Sergei Avdeyev;,Soyuz TM-29           Mir 27,1999-07-28,5:22,"Finished full deploy of an experimental 6-meter antenna on Sofora truss.  At the end of the experiment the antenna was jettisoned.  Also installed experiments Indicator and Sprut-4, changed the cassettes of the Migmas ion spectrometer and retrieved Danko-M and Ekran-D experiments.  Problem with suit cooling ended EVA."
330.0,Russia,Sergei Zaletin;Alexander Kaleri;,Soyuz TM-30    Mir 28,2000-05-12,5:30,Inspected and photographed short circuit damaged solar array cable on Kvant-1.  Tested module leak repair sealant on sample panel.  Retrieved a solar array test sample from the docking module.  Conducted general inspection/photography of health of Mir exterior (panorama)
331.0,Russia,Yuri Usachev;Jim Voss;,ISS Incr-2,2001-06-08,0:19,Relocated SM docking port as prep for DC1 docking.  Tested Orlan suits launched with SM.
332.0,Russia,Vladimir Dezhurov;Mikhail Tyurin;,ISS Incr-3,2001-10-08,4:58,"First EVA from DC-1.  Installed Tranzit-B cable for EVA radio communications between the SM and DC-1.  Installed 4 hatch handrails, egress/ingress ladder, MLI, video camera and Strela crane operator post/boom on DC-1.  Installed Kurs antennas and docking target.  Confirmed deployment of 4 Kurs active antennas.  As planned, jettisoned MLI covers from DC-1 docking target and Kurs antenna.  Small drops of thruster contamination seen on MLI.  Suit gloves inspected, wiped down and bagged post EVA.   "
333.0,Russia,Vladimir Dezhurov;Mikhail Tyurin;,ISS Incr-3,2001-10-15,5:52,Installed Kromka at SM port location.  Installed Japanese contracted MPAC-SEEDS materials experiments (3) on outside of SM.  Replaced Russian flag placard with Kodak sign (material durability tests).  EVA hatch was briefly stuck in temp stow position.  Orlan gloves bagged post EVA.
334.0,Russia,Vladimir Dezhurov;Frank Culbertson;,ISS Incr-3,2001-11-12,5:04,DC1-SM hatch leaked during initial depress.  Wipe of seals and reclosure resolved leak (30 minute delay).  Connected Kurs cables (4 hi freq and 3 low freq) outside Pirs DC-1.   Installed tether between DC1 egress ladder and SM.  Completed checks of the Strela crane.  Inspected and photographed a partially deployed panel of SM solar array.
335.0,Russia,Vladimir Dezhurov;Mikhail Tyurin;,ISS Incr-3,2001-12-03,2:46,Removed debris on SM aft port that prevented Progress vehicle #6 from completing hard dock.  Photoed and removed Progress #5 seal debris.
336.0,Russia,Yri Onufrienko;Carl Walz;,ISS Incr-4,2002-01-14,6:03,Relocated a cargo boom for the Russian Strela crane from PMA-1 to Pirs DC-1.  Installed amateur radio antenna WA3 and cables onto the aft of SM.  Jettisoned gloves and wiping towels?
337.0,Russia,Yuri Onufrienko;Dan Bursch;,ISS Incr-4,2002-01-25,5:59,Installed 6 thruster deflector shields on SM.  Installed an amateur radio antenna (WA4) and retrieved/ replaced Kromka device to measure thruster deposits.  Installed 1 Platan-M radiation experiment and 3 SKK materials experiments.
338.0,Russia,Valery Korzun;Peggy Whitson;,ISS Incr-5,2002-08-16,4:25,EVA delayed 1:43 due to missed opening of primary O2 bottles in both suits.  Removed 6 MMOD shield panels from PMA-1 and installed them on SM.  Deferred EVA tasks for swab of fuel/oxidizer residue and installation of Kromka experiment.  
339.0,Russia,Valery Korzun;Sergei Treschev;,ISS Incr-5,2002-08-26,5:21,Installed ORU attachment frame outside FGB to house components for EVA assembly tasks.  Retrieved and replaced panel #1 of Japan's MPAC/SEEDs materials experiments outside SM.  Installed 4 fairleads on FGB for future routing of tethers.  Added two ham radio antennas on SM (WA1 & WA2).  Replaced the earlier deferred Kromka hardware.  Inspected MMOD sensor outside SM.
357.0,Russia,Yuri Lonchakov;Mike Fincke;,ISS Incr-18,2009-03-10,4:48,Cut off excess length of fabric straps near DC1 antennas and docking target.  Reinstalled EXPOSE-R experiment and adjusted orientation of SKK experiment panel.  Closed thermal insulation flap over electrical connector panel.  Photographed external hardware
340.0,Russia,Alexander Kaleri;Mike Foale;,ISS Incr-8,2004-02-26,3:55,"Replaced an SKK removable materials sample cassette from DC-1.  Retrieved Japanese MPAC/SEEDS panel #2 and relocated MPAC/SEEDS panel #3.  Installed ESA ""Matryoshka"" experiment.  Removed two Velcro straps from the SM's WA2 ham radio antenna.  Replaced two SKK removable materials sample cassettes on SM.  Suit cooling system failure ended work 1.5 hours early.   Did not retrieve/relocate ATV reflectors for ESA, retrieve/install Kromka thruster contamination sampling tray, reconfigure the ""Platan-M"" payload experiment or photograph external structures.  "
341.0,Russia,Gennady Padalka;Mike Fincke;,ISS Incr-9,2004-06-24,0:14,Fincke's Orlan O2 injector lever not in fully closed position.  EVA attempt terminated early.
342.0,Russia,Gennady Padalka;Mike Fincke;,ISS Incr-9,2004-06-30,5:39,"Replaced RPCM on SO truss for CMG #2 after extending and translating along Strela crane.  Completed getahead tasks on DC1 (contamination sensor, fabric handrails, 2 handrail end stops)"
343.0,Russia,Gennady Padalka;Mike Fincke;,ISS Incr-9,2004-08-03,4:30,"Installed 2 ATV antennas.  Removed 6 ATV laser reflectors and installed 3 new reflectors.  Demated cable from failed ATV camera.  Replaced several experiments (Kromka thruster contam, CKK material exposure, Platan-M cosmic rays).  Installed 2 handrail end stops on DC1 aft hatch"
344.0,Russia,Gennady Padalka;Mike Fincke;,ISS Incr-9,2004-09-03,5:21,"Replaced FGB thermal system fluid control unit.  Installed 4 safety tether fairleads on FGB.  Stopped motion to aid test for phantom torque upon CMGs.  Installed 3 ATV antennas on SM and removed 5 antenna covers.  Installed 3 of 4 handrail end stops on DC1 fwd hatch.  Photographed MPAC/SEEDS experiment.  Jettisoned antenna covers, glove wipe towels & container with old FGB ORU (~ 10 items)"
345.0,Russia,Leroy Chiao;Salizhan Sharipov;,ISS Incr-10,2005-01-26,5:28,"Installed science workstation and German Rokviss robotic experiment on SM.  Transfered MPAC/SEEDs experiment panel to new location on same stand.  Installed Rokviss antenna on MPAC/SEEDs mounting structure (cable reconnection due to initial mating error).  Photoed contamination on vent valves of Elektron, Vozdukh and trace gas system to aid MCC-M troubleshooting.  Installed BioRisk experiment on DC1.  19 items jettisoned (elec caps, glove wipes)"
346.0,Russia,Leroy Chiao;Salizhan Sharipov;,ISS Incr-10,2005-03-28,4:30,"Installed 3 ATV antennas on SM fwd end.  Jettisoned German Nanosputnik experiment.  Installed ATV GPS antenna on SM aft end.  Photographed/observed ONA antenna drive to aid MCC-M troubleshooting.  Inpected ATV retroreflector for contamination (little found).  Jettisoned elec caps, antenna covers, glove wipe towels"
364.0,Russia,Dmitry Kondratiev;Oleg Skripochka;,ISS Incr-26,2011-02-16,4:51,Installed Photon-Gamma and Radiometria experiments on SM.  Jettisoned foot restraint.  Retrieved Komplast panels from FGB.
347.0,Russia,Sergei Krikalev;John Phillips;,ISS Incr-11,2005-08-18,4:58,"Retrieve canister #1 of the Biorisk experiment can #1,  MPAC/SEEDS materials experiment panel #3 and Matryoshka radiation dosimetry experiment.  Install Automated Transfer Vehicle (ATV) backup docking camera.  Relocate SKK material experiment #4 and install #5.  Ran out of time to relocate Russian cargo crane grapple fixture adapter from FGB to PMA3 (prep for STS-116/12A.1)"
348.0,Russia,Valeri Tokarev;Bill McArthur;;,ISS Incr-12,2006-02-03,5:44,"Jettisoned life expired Orlan suit with Ham radio inside (RadioSkaf or Suit Sat).  Relocated Strela adapter from FGB to PMA-3. Removed zenith TUS cable from IUA, secured to MT handrail because safing bolt would not engage adequately. Retrieved science experiment (Biorisk) and photographed exterior of Service Module."
350.0,Russia,Mikhail Tyurin;Michael Lopez-Alegria;,ISS Incr-14,2006-11-22,5:38,Performed golf demo (one ball jettisoned).  Inspected but unable to stow Progress antenna.  Relocated ATV antenna impairing SM reboost engine.  Installed solar radiation experiment (minus data cable)
351.0,Russia,Mikhail Tyurin;Michael Lopez-Alegria;,ISS Incr-14,2007-02-22,6:18,Cut/cleared Progress antenna interfering with undocking. Adjusted ATV antenna interfaces. Replaced a materials experiment. Installed data cable of radiation experiment. Photographed ATV reflectors and numerous experiments. Installed 2 foot restraints outside airlock. Inspected safety of cargo crane mechanisms.  Successfully used new LED helmet lights.  EV1's sublimator breakthru caused helmet fogging before reset correction.
352.0,Russia,Fyodor Yurchikhin;Oleg Kotov;,ISS Incr-15,2007-05-30,5:25,Start delayed 45 minutes due to comm misconfig.  Transferred MMOD panels from PMA3 to SM and installed 5 of 17 panels.  Installed ATV GPS antenna cable.  Suit wrist mirror lost overboard.
353.0,Russia,Fyodor Yurchikhin;Oleg Kotov;,ISS Incr-15,2007-06-06,5:37,Installed SM-FGB cable for local area network (LAN) and Biorisk science experiment.  Installed last 12 MMOD shields on SM.  
354.0,Russia,Sergei Volkov;Oleg Kononenko;,ISS Incr-17,2008-07-10,6:19,Removed a pyrobolt from 1 of 5 Soyuz capsule restraints.  First use of US helmet TV on Orlan.  Lost tool and insulation fragments overboard.  Jettisoned thruster cover bounced off radiator in wrong direction.
355.0,Russia,Sergei Volkov;Oleg Kononenko;,ISS Incr-17,2008-07-15,5:54,Prepped for new module (MRM2) installation by installing a SM docking target and inspecting antenna attach points.  Installed Vsplesk cosmic radiation experiment and retrieved Biorisk experiment.  Unbent a ham radio antenna.
358.0,Russia,Gennady Padalka;Mike Barratt;,ISS Incr-19,2009-06-05,4:54,First use of new Orlan MK suits with digital caution/warning electronics.  Started 1 hour late due to faulty CO2 readings.  Installed two docking navigation antennas on zenith port of service module as prep for MRM2 arrival
359.0,Russia,Gennady Padalka;Mike Barratt;,ISS Incr-19,2009-06-10,0:12,Relocated docking cone to zenith port of Service Module as prep for MRM2 arrival
360.0,Russia,Oleg Kotov;Maxim Suraev;,ISS Incr-22,2010-01-14,5:44,"Prepped new module (MRM2) for Soyuz/Progress usage by installing Kurs navigation antennas/cables and docking targets.  Installed 2 hatch handrails, jettisoned excess thermal blankets and retrieved can of Biorisk experiment"
361.0,Russia,Fyodor Yurchikin;Mikhail Kornienko;,ISS Incr-24,2010-07-27,6:42,Replaced degraded ATV docking camera and jettisoned old unit.  Removed launch restraints from MRM1 camera.  Installed cables to enable dockings to MRM1.  Lost cable clamp
362.0,Russia,Fyodor Yurchikin;Oleg Skripochka;,ISS Incr-25,2010-10-15,6:27,"Installed experiment platform on SM large diameter, CKK materials experiment on MRM2 and two handrail gap spanners.  Collected sample wipes of prop byproducts and microbes from thermal blankets.  Retrieved ROKVISS robot experiment and jettisoned wipedown towels.  Removed but not able to relocate MRM1 TV camera due to thermal blanket.  FGB paint chips lost overboard"
363.0,Russia,Dmitry Kondratiev;Oleg Skripochka;,ISS Incr-26,2011-01-21,5:23,Installed 100Mb/sec data downlink antenna and its cables.  Retrieved plasma and ExposeR materials exposure experiments.  Finished installation of MRM1 docking TV camera by cutting into impeding thermal blanket.  Jettisoned antenna cover and cable reel
365.0,Russia,Sergei Volkov;Alexander Samokutyaev;,ISS Incr-28,2011-08-03,6:23,"Installed laser comm and Biorisk experiments.  Jettisoned covers of laser experiment. After delay due to broken rcvr antenna, deployed ham radio satellite Radioskaf-V/Arissat-1.  Removed SM-MRM1 Kurs antenna from SM.  Took photos of materials experiments, degraded antenna and images of Russian space heroes.  Due to time, did not relocate strela crane from DC1 to MRM1.  "
366.0,Russia,Oleg Kononenko;Anton Shkaplerov;,ISS Incr-30,2012-02-16,6:15,"Relocated 1st strela crane from DC1 to MRM1 and jettisoned base thermal cover.  Installed materials exposure experiment and took 1 of 2 swab samples of contamination under thermal blanket.  Due to time, did not install SM MMOD shields"
367.0,Russia,Gennady Padalka;Yuri Malenchenko;,ISS Incr-32,2012-08-20,5:51,1 hr late start due to airlock valve.  Relocated cargo crane from DC1 to FGB as prep for MLM.  Installed MMOD shields on Service Module and support struts for airlock exit ladder.  Deployed small satellite and retrieved Biorisk experiment canister
368.0,Russia,Pavel Vinogradov;Roman Romanenko;,ISS Incr-35,2013-04-19,6:38,"Installed plasma experiment/cables/probes, replaced degraded ATV navigation reflector, jettisoned cable reel, towels and probe boxes, retrieved biorisk canister. Lost materials exposure experiment overboard"
369.0,Russia,Fyodor Yurchikhin;Alexander Misurkin;,ISS Incr-36,2013-06-24,6:34,Power cable clamps installed and Kurs tested in prep for MLM. Replaced FGB flow control valve. Installed INDICATOR of CONTROL space experiment on MRM2.  Removed VINOSLIVOST  experiment from MRM-2 and PHOTON-GAMMA from SM.  Installed 3 of 5 SM handrail gap spanners
370.0,Russia,Fyodor Yurchikhin;Alexander Misurkin;,ISS Incr-36,2013-08-16,7:29,"Â Installed VINOSLIVOST experiment on MRM2, 2 MLMÂUSOS power cables, FGB Â MRM2 gap spanners, MLM-USOS ETHERNET cable
Â Installation of gap spanners SM Â MRM2 (if time allows)
Â Retracted & stowed Strela-1 on DC1"
371.0,Russia,Fyodor Yurchikhin;Alexander Misurkin;,ISS Incr-36,2013-08-22,5:58,"Â Retrieved laser downlink comm experiment from SM and replaced it with a biaxial camera pointing system.  
Â Inspected all 6 ATV WAL PCE antennas and tightened loose screws that lost an antenna cover overboard. 
Â collected surface ÂTestÂ samples on MRM2 EV Hatch 2
Â Installed 2 gap spanners on SM
 Displayed Russian flag for national holiday"
